"song_id","song_name","song_lyrics_url","annotation_count","artist_id","artist_name","artist_url"
3871394,"10,000 Degrees","https://genius.com/Uicideboy-10000-degrees-lyrics",22,213444,"$UICIDEBOY$","https://genius.com/artists/Uicideboy"
8238968,"1000 Blunts","https://genius.com/Uicideboy-1000-blunts-lyrics",15,213444,"$UICIDEBOY$","https://genius.com/artists/Uicideboy"
515529,"100 Blunt$","https://genius.com/Uicideboy-100-blunt-lyrics",3,213444,"$UICIDEBOY$","https://genius.com/artists/Uicideboy"
2986264,"100 Blunt$ (DJ Phantazm Remix)","https://genius.com/Uicideboy-100-blunt-dj-phantazm-remix-lyrics",3,213444,"$UICIDEBOY$","https://genius.com/artists/Uicideboy"
3871395,"122 Days","https://genius.com/Uicideboy-122-days-lyrics",17,213444,"$UICIDEBOY$","https://genius.com/artists/Uicideboy"
725866,"#1 Stunna","https://genius.com/Uicideboy-1-stunna-lyrics",5,213444,"$UICIDEBOY$","https://genius.com/artists/Uicideboy"
2856106,"275 $uicide (Ft. Yung Simmie)","https://genius.com/Uicideboy-275-suicide-lyrics",1,213444,"$UICIDEBOY$","https://genius.com/artists/Uicideboy"
3101849,"2nd Hand","https://genius.com/Uicideboy-2nd-hand-lyrics",17,213444,"$UICIDEBOY$","https://genius.com/artists/Uicideboy"
3158613,"2ND HAND (Demo)","https://genius.com/Uicideboy-2nd-hand-demo-lyrics",2,213444,"$UICIDEBOY$","https://genius.com/artists/Uicideboy"
648748,"333333 [RARE* '96 BOOTLEG CA$$ETTE RIP TRE$ $EI$]","https://genius.com/Uicideboy-333333-rare-96-bootleg-ca-ette-rip-tre-sei-lyrics",3,213444,"$UICIDEBOY$","https://genius.com/artists/Uicideboy"
1083513,"40 Oz. & Sober","https://genius.com/Uicideboy-40-oz-and-sober-lyrics",6,213444,"$UICIDEBOY$","https://genius.com/artists/Uicideboy"
6934409,"5 Grand at 8 to 1","https://genius.com/Uicideboy-5-grand-at-8-to-1-lyrics",3,213444,"$UICIDEBOY$","https://genius.com/artists/Uicideboy"
1082953,"7th or St. Tammany","https://genius.com/Uicideboy-7th-or-st-tammany-lyrics",1,213444,"$UICIDEBOY$","https://genius.com/artists/Uicideboy"
2313534,"A Death in the Ocean Would Be So Beautiful","https://genius.com/Uicideboy-a-death-in-the-ocean-would-be-so-beautiful-lyrics",6,213444,"$UICIDEBOY$","https://genius.com/artists/Uicideboy"
2479743,"A Girl Named Drool and a Pack of Kools","https://genius.com/Uicideboy-a-girl-named-drool-and-a-pack-of-kools-lyrics",3,213444,"$UICIDEBOY$","https://genius.com/artists/Uicideboy"
2417283,"Aite, Bet.","https://genius.com/Uicideboy-aite-bet-lyrics",4,213444,"$UICIDEBOY$","https://genius.com/artists/Uicideboy"
5254657,"All Dogs Go to Heaven","https://genius.com/Uicideboy-all-dogs-go-to-heaven-lyrics",11,213444,"$UICIDEBOY$","https://genius.com/artists/Uicideboy"
3784251,"All Known $UICIDEBOY$ Alter-Egos and Personas","https://genius.com/Uicideboy-all-known-suicideboy-alter-egos-and-personas-annotated",9,213444,"$UICIDEBOY$","https://genius.com/artists/Uicideboy"
1787165,"All My Life I've Wanted a Chevy","https://genius.com/Uicideboy-all-my-life-ive-wanted-a-chevy-lyrics",4,213444,"$UICIDEBOY$","https://genius.com/artists/Uicideboy"
3476478,"All That Glitters Is Not Gold, But It's Still Damn Beautiful","https://genius.com/Uicideboy-all-that-glitters-is-not-gold-but-its-still-damn-beautiful-lyrics",4,213444,"$UICIDEBOY$","https://genius.com/artists/Uicideboy"
2417276,"AM/PM","https://genius.com/Uicideboy-am-pm-lyrics",7,213444,"$UICIDEBOY$","https://genius.com/artists/Uicideboy"
5254574,"...And to Those I Love, Thanks for Sticking Around","https://genius.com/Uicideboy-and-to-those-i-love-thanks-for-sticking-around-lyrics",8,213444,"$UICIDEBOY$","https://genius.com/artists/Uicideboy"
2414117,"Antarctica","https://genius.com/Uicideboy-antarctica-lyrics",12,213444,"$UICIDEBOY$","https://genius.com/artists/Uicideboy"
2479774,"Aokigahara","https://genius.com/Uicideboy-aokigahara-lyrics",3,213444,"$UICIDEBOY$","https://genius.com/artists/Uicideboy"
562411,"Aphrodite (The Aquatic Ape Theory)","https://genius.com/Uicideboy-aphrodite-the-aquatic-ape-theory-lyrics",2,213444,"$UICIDEBOY$","https://genius.com/artists/Uicideboy"
1787168,"April Mourning","https://genius.com/Uicideboy-april-mourning-lyrics",4,213444,"$UICIDEBOY$","https://genius.com/artists/Uicideboy"
8238974,"Ashes of Luxury","https://genius.com/Uicideboy-ashes-of-luxury-lyrics",6,213444,"$UICIDEBOY$","https://genius.com/artists/Uicideboy"
598169,"$aturn $unrise","https://genius.com/Uicideboy-aturn-sunrise-lyrics",1,213444,"$UICIDEBOY$","https://genius.com/artists/Uicideboy"
3101847,"Audubon","https://genius.com/Uicideboy-audubon-lyrics",14,213444,"$UICIDEBOY$","https://genius.com/artists/Uicideboy"
6761176,"Avalon","https://genius.com/Uicideboy-avalon-lyrics",10,213444,"$UICIDEBOY$","https://genius.com/artists/Uicideboy"
648722,"Back from the Dead","https://genius.com/Uicideboy-back-from-the-dead-lyrics",3,213444,"$UICIDEBOY$","https://genius.com/artists/Uicideboy"
670072,"Bag$","https://genius.com/Uicideboy-bag-lyrics",3,213444,"$UICIDEBOY$","https://genius.com/artists/Uicideboy"
1081260,"Behold a Pale Horse","https://genius.com/Uicideboy-behold-a-pale-horse-lyrics",3,213444,"$UICIDEBOY$","https://genius.com/artists/Uicideboy"
5254573,"Bizarro","https://genius.com/Uicideboy-bizarro-lyrics",9,213444,"$UICIDEBOY$","https://genius.com/artists/Uicideboy"
2256230,"Black Beard","https://genius.com/Uicideboy-black-beard-lyrics",8,213444,"$UICIDEBOY$","https://genius.com/artists/Uicideboy"
6934414,"Bleach","https://genius.com/Uicideboy-bleach-lyrics",3,213444,"$UICIDEBOY$","https://genius.com/artists/Uicideboy"
2856080,"BREAKDALAW2K16 (Ft. Pouya)","https://genius.com/Uicideboy-breakdalaw2k16-lyrics",12,213444,"$UICIDEBOY$","https://genius.com/artists/Uicideboy"
3871392,"Bring Out Your Dead","https://genius.com/Uicideboy-bring-out-your-dead-lyrics",9,213444,"$UICIDEBOY$","https://genius.com/artists/Uicideboy"
2256232,"Broke(n)","https://genius.com/Uicideboy-broken-lyrics",4,213444,"$UICIDEBOY$","https://genius.com/artists/Uicideboy"
2374625,"Can of Worms","https://genius.com/Uicideboy-can-of-worms-lyrics",8,213444,"$UICIDEBOY$","https://genius.com/artists/Uicideboy"
3871402,"Carrollton","https://genius.com/Uicideboy-carrollton-lyrics",43,213444,"$UICIDEBOY$","https://genius.com/artists/Uicideboy"
1787170,"Cerberus (Ft. Masta Drag)","https://genius.com/Uicideboy-cerberus-lyrics",5,213444,"$UICIDEBOY$","https://genius.com/artists/Uicideboy"
2798196,"Champion of Death","https://genius.com/Uicideboy-champion-of-death-lyrics",10,213444,"$UICIDEBOY$","https://genius.com/artists/Uicideboy"
2856126,"Chariot of Fire","https://genius.com/Uicideboy-chariot-of-fire-lyrics",7,213444,"$UICIDEBOY$","https://genius.com/artists/Uicideboy"
2313527,"Cherish the Dead","https://genius.com/Uicideboy-cherish-the-dead-lyrics",4,213444,"$UICIDEBOY$","https://genius.com/artists/Uicideboy"
2417269,"Cherry P.I.E.","https://genius.com/Uicideboy-cherry-pie-lyrics",7,213444,"$UICIDEBOY$","https://genius.com/artists/Uicideboy"
2479753,"Chevrolet (Pimpalicious Candy Cane Mane ’74 Remix)","https://genius.com/Uicideboy-chevrolet-pimpalicious-candy-cane-mane-74-remix-lyrics",5,213444,"$UICIDEBOY$","https://genius.com/artists/Uicideboy"
1081014,"Clouds as Witnesses","https://genius.com/Uicideboy-clouds-as-witnesses-lyrics",13,213444,"$UICIDEBOY$","https://genius.com/artists/Uicideboy"
4004258,"CLYDE (I Hope At Least One Of My Ex-Girlfriends Hears This)","https://genius.com/Uicideboy-clyde-i-hope-at-least-one-of-my-ex-girlfriends-hears-this-lyrics",1,213444,"$UICIDEBOY$","https://genius.com/artists/Uicideboy"
3871399,"Coma","https://genius.com/Uicideboy-coma-lyrics",11,213444,"$UICIDEBOY$","https://genius.com/artists/Uicideboy"
2375345,"Converting...","https://genius.com/Uicideboy-converting-lyrics",4,213444,"$UICIDEBOY$","https://genius.com/artists/Uicideboy"
648699,"Crucify Me Wearing Tommy","https://genius.com/Uicideboy-crucify-me-wearing-tommy-lyrics",5,213444,"$UICIDEBOY$","https://genius.com/artists/Uicideboy"
1083019,"Dead Batteries","https://genius.com/Uicideboy-dead-batteries-lyrics",4,213444,"$UICIDEBOY$","https://genius.com/artists/Uicideboy"
562403,"Deep Web (Ft. Woozy Medwick)","https://genius.com/Uicideboy-deep-web-lyrics",5,213444,"$UICIDEBOY$","https://genius.com/artists/Uicideboy"
6934393,"Degeneration in the Key of A Minor","https://genius.com/Uicideboy-degeneration-in-the-key-of-a-minor-lyrics",1,213444,"$UICIDEBOY$","https://genius.com/artists/Uicideboy"
2371816,"Dejection","https://genius.com/Uicideboy-dejection-lyrics",5,213444,"$UICIDEBOY$","https://genius.com/artists/Uicideboy"
2136160,"DIEMONDS","https://genius.com/Uicideboy-diemonds-lyrics",7,213444,"$UICIDEBOY$","https://genius.com/artists/Uicideboy"
675527,"Don't Give a Fuck ($oul Doubt Remix)","https://genius.com/Uicideboy-dont-give-a-fuck-oul-doubt-remix-lyrics",3,213444,"$UICIDEBOY$","https://genius.com/artists/Uicideboy"
2479739,"Do You Believe in God?","https://genius.com/Uicideboy-do-you-believe-in-god-lyrics",13,213444,"$UICIDEBOY$","https://genius.com/artists/Uicideboy"
1083584,"Drugs/Hoes/Money/Etc.","https://genius.com/Uicideboy-drugs-hoes-money-etc-lyrics",3,213444,"$UICIDEBOY$","https://genius.com/artists/Uicideboy"
693567,"Durango '95 (A Real Horror Show)","https://genius.com/Uicideboy-durango-95-a-real-horror-show-lyrics",6,213444,"$UICIDEBOY$","https://genius.com/artists/Uicideboy"
2856132,"Eclipse","https://genius.com/Uicideboy-eclipse-lyrics",8,213444,"$UICIDEBOY$","https://genius.com/artists/Uicideboy"
3646884,"Either Hated Or Ignored","https://genius.com/Uicideboy-either-hated-or-ignored-lyrics",15,213444,"$UICIDEBOY$","https://genius.com/artists/Uicideboy"
2856112,"Elysian Fields","https://genius.com/Uicideboy-elysian-fields-lyrics",10,213444,"$UICIDEBOY$","https://genius.com/artists/Uicideboy"
8064252,"Escape from BABYLON","https://genius.com/Uicideboy-escape-from-babylon-lyrics",10,213444,"$UICIDEBOY$","https://genius.com/artists/Uicideboy"
8238980,"Eulogy","https://genius.com/Uicideboy-eulogy-lyrics",12,213444,"$UICIDEBOY$","https://genius.com/artists/Uicideboy"
2256234,"Everest","https://genius.com/Uicideboy-everest-lyrics",3,213444,"$UICIDEBOY$","https://genius.com/artists/Uicideboy"
2375371,"Evolution (Pretty Good Movie/Pretty Good Theory)","https://genius.com/Uicideboy-evolution-pretty-good-movie-pretty-good-theory-lyrics",3,213444,"$UICIDEBOY$","https://genius.com/artists/Uicideboy"
2136220,"Exodus","https://genius.com/Uicideboy-exodus-lyrics",8,213444,"$UICIDEBOY$","https://genius.com/artists/Uicideboy"
3232498,"Face It","https://genius.com/Uicideboy-face-it-lyrics",6,213444,"$UICIDEBOY$","https://genius.com/artists/Uicideboy"
3232559,"Failure by Design","https://genius.com/Uicideboy-failure-by-design-lyrics",14,213444,"$UICIDEBOY$","https://genius.com/artists/Uicideboy"
2136214,"Fake Pontchartrain (Ft. Key Nyata)","https://genius.com/Uicideboy-fake-pontchartrain-lyrics",5,213444,"$UICIDEBOY$","https://genius.com/artists/Uicideboy"
696003,"Flodgin’","https://genius.com/Uicideboy-flodgin-lyrics",4,213444,"$UICIDEBOY$","https://genius.com/artists/Uicideboy"
2312727,"Fold","https://genius.com/Uicideboy-fold-lyrics",4,213444,"$UICIDEBOY$","https://genius.com/artists/Uicideboy"
5541220,"Forget It","https://genius.com/Uicideboy-forget-it-lyrics",4,213444,"$UICIDEBOY$","https://genius.com/artists/Uicideboy"
3224330,"For the Last Time","https://genius.com/Uicideboy-for-the-last-time-lyrics",16,213444,"$UICIDEBOY$","https://genius.com/artists/Uicideboy"
515515,"Friday the 13th","https://genius.com/Uicideboy-friday-the-13th-lyrics",2,213444,"$UICIDEBOY$","https://genius.com/artists/Uicideboy"
3232557,"From the Beginning of Time Until the End of Time","https://genius.com/Uicideboy-from-the-beginning-of-time-until-the-end-of-time-lyrics",10,213444,"$UICIDEBOY$","https://genius.com/artists/Uicideboy"
3102024,"FUCK","https://genius.com/Uicideboy-fuck-lyrics",2,213444,"$UICIDEBOY$","https://genius.com/artists/Uicideboy"
562422,"Fuck a Hoe (Ft. Black Smurf)","https://genius.com/Uicideboy-fuck-a-hoe-lyrics",2,213444,"$UICIDEBOY$","https://genius.com/artists/Uicideboy"
3484218,"FUCKALLOFYOU2K18","https://genius.com/Uicideboy-fuckallofyou2k18-lyrics",5,213444,"$UICIDEBOY$","https://genius.com/artists/Uicideboy"
1083826,"Fuck Boy Blood Bath","https://genius.com/Uicideboy-fuck-boy-blood-bath-lyrics",5,213444,"$UICIDEBOY$","https://genius.com/artists/Uicideboy"
5551754,"Fucked Up","https://genius.com/Uicideboy-fucked-up-lyrics",1,213444,"$UICIDEBOY$","https://genius.com/artists/Uicideboy"
8238957,"Fucking Your Culture","https://genius.com/Uicideboy-fucking-your-culture-lyrics",24,213444,"$UICIDEBOY$","https://genius.com/artists/Uicideboy"
3871403,"FUCK the Industry","https://genius.com/Uicideboy-fuck-the-industry-lyrics",14,213444,"$UICIDEBOY$","https://genius.com/artists/Uicideboy"
2303582,"FUCKTHEPOPULATION","https://genius.com/Uicideboy-fuckthepopulation-lyrics",10,213444,"$UICIDEBOY$","https://genius.com/artists/Uicideboy"
5111653,"Fuck Your Culture","https://genius.com/Uicideboy-fuck-your-culture-lyrics",7,213444,"$UICIDEBOY$","https://genius.com/artists/Uicideboy"
1080125,"Gabapentin Getaway","https://genius.com/Uicideboy-gabapentin-getaway-lyrics",3,213444,"$UICIDEBOY$","https://genius.com/artists/Uicideboy"
1081425,"Gaudy Pack $hawty (Ft. Yung God)","https://genius.com/Uicideboy-gaudy-pack-shawty-lyrics",1,213444,"$UICIDEBOY$","https://genius.com/artists/Uicideboy"
8238944,"Genesis","https://genius.com/Uicideboy-genesis-lyrics",10,213444,"$UICIDEBOY$","https://genius.com/artists/Uicideboy"
3232475,"Gloom","https://genius.com/Uicideboy-gloom-lyrics",8,213444,"$UICIDEBOY$","https://genius.com/artists/Uicideboy"
1787161,"Gloss of Blood","https://genius.com/Uicideboy-gloss-of-blood-lyrics",7,213444,"$UICIDEBOY$","https://genius.com/artists/Uicideboy"
598193,"Gold (’99-2000)","https://genius.com/Uicideboy-gold-99-2000-lyrics",2,213444,"$UICIDEBOY$","https://genius.com/artists/Uicideboy"
2417281,"Golden Calf (Ft. Eddy Baker & Fat Nick)","https://genius.com/Uicideboy-golden-calf-lyrics",6,213444,"$UICIDEBOY$","https://genius.com/artists/Uicideboy"
3232556,"Goodbye","https://genius.com/Uicideboy-goodbye-lyrics",3,213444,"$UICIDEBOY$","https://genius.com/artists/Uicideboy"
2798202,"Goosebumps","https://genius.com/Uicideboy-goosebumps-lyrics",13,213444,"$UICIDEBOY$","https://genius.com/artists/Uicideboy"
2919363,"Gray/Grey (Bonus Album Only Track)","https://genius.com/Uicideboy-gray-grey-bonus-album-only-track-lyrics",2,213444,"$UICIDEBOY$","https://genius.com/artists/Uicideboy"
2385155,"Grayscale (Ft. Black Smurf, JGRXXN & Ramirez)","https://genius.com/Uicideboy-grayscale-lyrics",6,213444,"$UICIDEBOY$","https://genius.com/artists/Uicideboy"
648674,"Grey Boy$","https://genius.com/Uicideboy-grey-boy-lyrics",6,213444,"$UICIDEBOY$","https://genius.com/artists/Uicideboy"
2376246,"Gutting Catfish","https://genius.com/Uicideboy-gutting-catfish-lyrics",9,213444,"$UICIDEBOY$","https://genius.com/artists/Uicideboy"
675531,"Hair","https://genius.com/Uicideboy-hair-lyrics",6,213444,"$UICIDEBOY$","https://genius.com/artists/Uicideboy"
1787177,"Handzum $uicide (Ft. Rozz Dyliams)","https://genius.com/Uicideboy-handzum-suicide-lyrics",8,213444,"$UICIDEBOY$","https://genius.com/artists/Uicideboy"
3101959,"Hard to Tell","https://genius.com/Uicideboy-hard-to-tell-lyrics",10,213444,"$UICIDEBOY$","https://genius.com/artists/Uicideboy"
675522,"Harve$t Moon","https://genius.com/Uicideboy-harve-t-moon-lyrics",9,213444,"$UICIDEBOY$","https://genius.com/artists/Uicideboy"
515540,"Heavily Medicated","https://genius.com/Uicideboy-heavily-medicated-lyrics",6,213444,"$UICIDEBOY$","https://genius.com/artists/Uicideboy"
5623797,"Hell (We Livin)","https://genius.com/Uicideboy-hell-we-livin-lyrics",0,213444,"$UICIDEBOY$","https://genius.com/artists/Uicideboy"
1080371,"$hrimp Poboy (Ft. Supa SortaHuman)","https://genius.com/Uicideboy-hrimp-poboy-lyrics",8,213444,"$UICIDEBOY$","https://genius.com/artists/Uicideboy"
4036597,"HUNG UP ON THE COME UP","https://genius.com/Uicideboy-hung-up-on-the-come-up-lyrics",9,213444,"$UICIDEBOY$","https://genius.com/artists/Uicideboy"
3232566,"I Am the Apocalypse","https://genius.com/Uicideboy-i-am-the-apocalypse-lyrics",8,213444,"$UICIDEBOY$","https://genius.com/artists/Uicideboy"
6961021,"$ickk","https://genius.com/Uicideboy-ickk-lyrics",0,213444,"$UICIDEBOY$","https://genius.com/artists/Uicideboy"
1787167,"I Ended Up Driving the Camaro Off the Causeway Bridge","https://genius.com/Uicideboy-i-ended-up-driving-the-camaro-off-the-causeway-bridge-lyrics",5,213444,"$UICIDEBOY$","https://genius.com/artists/Uicideboy"
6934404,"If Self-Destruction was an Olympic Event, I'd be Tonya Harding","https://genius.com/Uicideboy-if-self-destruction-was-an-olympic-event-id-be-tonya-harding-lyrics",7,213444,"$UICIDEBOY$","https://genius.com/artists/Uicideboy"
3218466,"I Hung Myself for a Persona","https://genius.com/Uicideboy-i-hung-myself-for-a-persona-lyrics",10,213444,"$UICIDEBOY$","https://genius.com/artists/Uicideboy"
6447485,"​I H​​UNG MYSELF FOR A PERSONA​///NOW l’M UP TO MY NECK WITH OFFERS","https://genius.com/Uicideboy-i-hung-myself-for-a-persona-now-lm-up-to-my-neck-with-offers-lyrics",0,213444,"$UICIDEBOY$","https://genius.com/artists/Uicideboy"
8739919,"I Injected Heroin Into a Vein and Felt Relieved","https://genius.com/Uicideboy-i-injected-heroin-into-a-vein-and-felt-relieved-lyrics",0,213444,"$UICIDEBOY$","https://genius.com/artists/Uicideboy"
597963,"$ilent Night","https://genius.com/Uicideboy-ilent-night-lyrics",1,213444,"$UICIDEBOY$","https://genius.com/artists/Uicideboy"
1083109,"I’ll Pay for It (If I Want It)","https://genius.com/Uicideboy-ill-pay-for-it-if-i-want-it-lyrics",1,213444,"$UICIDEBOY$","https://genius.com/artists/Uicideboy"
3228520,"I'm Done.","https://genius.com/Uicideboy-im-done-lyrics",15,213444,"$UICIDEBOY$","https://genius.com/artists/Uicideboy"
1781044,"I Miss My Dead Friends","https://genius.com/Uicideboy-i-miss-my-dead-friends-lyrics",12,213444,"$UICIDEBOY$","https://genius.com/artists/Uicideboy"
8238970,"In Constant Sorrow","https://genius.com/Uicideboy-in-constant-sorrow-lyrics",10,213444,"$UICIDEBOY$","https://genius.com/artists/Uicideboy"
2267514,"I No Longer Fear the Razor Guarding My Heel","https://genius.com/Uicideboy-i-no-longer-fear-the-razor-guarding-my-heel-lyrics",18,213444,"$UICIDEBOY$","https://genius.com/artists/Uicideboy"
2343548,"I No Longer Fear the Razor Guarding My Heel (II)","https://genius.com/Uicideboy-i-no-longer-fear-the-razor-guarding-my-heel-ii-lyrics",24,213444,"$UICIDEBOY$","https://genius.com/artists/Uicideboy"
2934617,"I No Longer Fear the Razor Guarding My Heel (III)","https://genius.com/Uicideboy-i-no-longer-fear-the-razor-guarding-my-heel-iii-lyrics",32,213444,"$UICIDEBOY$","https://genius.com/artists/Uicideboy"
3897038,"I No Longer Fear The Razor Guarding My Heel III Official Lyric Book","https://genius.com/Uicideboy-i-no-longer-fear-the-razor-guarding-my-heel-iii-official-lyric-book-annotated",1,213444,"$UICIDEBOY$","https://genius.com/artists/Uicideboy"
3871406,"I No Longer Fear the Razor Guarding My Heel (IV)","https://genius.com/Uicideboy-i-no-longer-fear-the-razor-guarding-my-heel-iv-lyrics",19,213444,"$UICIDEBOY$","https://genius.com/artists/Uicideboy"
1787175,"In Order to Cast a Shadow You Must First Light a Fire","https://genius.com/Uicideboy-in-order-to-cast-a-shadow-you-must-first-light-a-fire-lyrics",4,213444,"$UICIDEBOY$","https://genius.com/artists/Uicideboy"
3232560,"Introversion 2.0","https://genius.com/Uicideboy-introversion-20-lyrics",9,213444,"$UICIDEBOY$","https://genius.com/artists/Uicideboy"
2334102,"Iron Veil","https://genius.com/Uicideboy-iron-veil-lyrics",6,213444,"$UICIDEBOY$","https://genius.com/artists/Uicideboy"
2373651,"I Think I'm Ian Read","https://genius.com/Uicideboy-i-think-im-ian-read-lyrics",4,213444,"$UICIDEBOY$","https://genius.com/artists/Uicideboy"
2856096,"It's Hard to Win When You Always Lose","https://genius.com/Uicideboy-its-hard-to-win-when-you-always-lose-lyrics",6,213444,"$UICIDEBOY$","https://genius.com/artists/Uicideboy"
5254566,"I Wanna Be Romanticized","https://genius.com/Uicideboy-i-wanna-be-romanticized-lyrics",3,213444,"$UICIDEBOY$","https://genius.com/artists/Uicideboy"
2856122,"I Want to Believe","https://genius.com/Uicideboy-i-want-to-believe-lyrics",6,213444,"$UICIDEBOY$","https://genius.com/artists/Uicideboy"
4060274,"I Will Celebrate for Stepping on Broken Glass and Slipping on Stomach Soaked Floors","https://genius.com/Uicideboy-i-will-celebrate-for-stepping-on-broken-glass-and-slipping-on-stomach-soaked-floors-lyrics",3,213444,"$UICIDEBOY$","https://genius.com/artists/Uicideboy"
6232498,"I Will Celebrate for Stepping on Broken Glass and Slipping on Stomach Soaked Floors (Original)","https://genius.com/Uicideboy-i-will-celebrate-for-stepping-on-broken-glass-and-slipping-on-stomach-soaked-floors-original-lyrics",3,213444,"$UICIDEBOY$","https://genius.com/artists/Uicideboy"
2417275,"Jeffer Drive","https://genius.com/Uicideboy-jeffer-drive-lyrics",3,213444,"$UICIDEBOY$","https://genius.com/artists/Uicideboy"
2417279,"Jon Voight (Live Fast, Die Young)","https://genius.com/Uicideboy-jon-voight-live-fast-die-young-lyrics",1,213444,"$UICIDEBOY$","https://genius.com/artists/Uicideboy"
670083,"Kamehameha (Kamikaze Remix)","https://genius.com/Uicideboy-kamehameha-kamikaze-remix-lyrics",5,213444,"$UICIDEBOY$","https://genius.com/artists/Uicideboy"
515477,"Kill Your$elf","https://genius.com/Uicideboy-kill-your-elf-lyrics",10,213444,"$UICIDEBOY$","https://genius.com/artists/Uicideboy"
2986251,"Kill Your$elf (Leaned Out Remix)","https://genius.com/Uicideboy-kill-your-elf-leaned-out-remix-lyrics",2,213444,"$UICIDEBOY$","https://genius.com/artists/Uicideboy"
1081645,"Kill Your$elf (Part II)","https://genius.com/Uicideboy-kill-your-elf-part-ii-lyrics",6,213444,"$UICIDEBOY$","https://genius.com/artists/Uicideboy"
7178729,"Kill Your$elf (Part II) (Spotify Version)","https://genius.com/Uicideboy-kill-your-elf-part-ii-spotify-version-lyrics",1,213444,"$UICIDEBOY$","https://genius.com/artists/Uicideboy"
2313538,"Kill Yourself (Part III)","https://genius.com/Uicideboy-kill-yourself-part-iii-lyrics",16,213444,"$UICIDEBOY$","https://genius.com/artists/Uicideboy"
2878057,"Kill Yourself (Part IV)","https://genius.com/Uicideboy-kill-yourself-part-iv-lyrics",7,213444,"$UICIDEBOY$","https://genius.com/artists/Uicideboy"
3871391,"King Tulip","https://genius.com/Uicideboy-king-tulip-lyrics",16,213444,"$UICIDEBOY$","https://genius.com/artists/Uicideboy"
3871397,"Krewe du Vieux (Comedy & Tragedy)","https://genius.com/Uicideboy-krewe-du-vieux-comedy-and-tragedy-lyrics",8,213444,"$UICIDEBOY$","https://genius.com/artists/Uicideboy"
1787162,"La Croix","https://genius.com/Uicideboy-la-croix-lyrics",11,213444,"$UICIDEBOY$","https://genius.com/artists/Uicideboy"
3232478,"Lamar Avenue","https://genius.com/Uicideboy-lamar-avenue-lyrics",5,213444,"$UICIDEBOY$","https://genius.com/artists/Uicideboy"
3232558,"Leave Me Alone","https://genius.com/Uicideboy-leave-me-alone-lyrics",5,213444,"$UICIDEBOY$","https://genius.com/artists/Uicideboy"
1083686,"Leave Your Things Behind","https://genius.com/Uicideboy-leave-your-things-behind-lyrics",5,213444,"$UICIDEBOY$","https://genius.com/artists/Uicideboy"
2856087,"Leave Your Things Behind II","https://genius.com/Uicideboy-leave-your-things-behind-ii-lyrics",7,213444,"$UICIDEBOY$","https://genius.com/artists/Uicideboy"
696013,"$leep Walk","https://genius.com/Uicideboy-leep-walk-lyrics",5,213444,"$UICIDEBOY$","https://genius.com/artists/Uicideboy"
528246,"$leepy Hollow (Slopped & Chewed)","https://genius.com/Uicideboy-leepy-hollow-slopped-and-chewed-lyrics",4,213444,"$UICIDEBOY$","https://genius.com/artists/Uicideboy"
693584,"Lemon $lime","https://genius.com/Uicideboy-lemon-slime-lyrics",2,213444,"$UICIDEBOY$","https://genius.com/artists/Uicideboy"
2256236,"Let 'Em Burn","https://genius.com/Uicideboy-let-em-burn-lyrics",3,213444,"$UICIDEBOY$","https://genius.com/artists/Uicideboy"
515544,"Lettuce","https://genius.com/Uicideboy-lettuce-lyrics",3,213444,"$UICIDEBOY$","https://genius.com/artists/Uicideboy"
6934405,"Life is but a Stream~","https://genius.com/Uicideboy-life-is-but-a-stream-lyrics",4,213444,"$UICIDEBOY$","https://genius.com/artists/Uicideboy"
6934411,"Lighting the Flames of My Own Personal Hell","https://genius.com/Uicideboy-lighting-the-flames-of-my-own-personal-hell-lyrics",3,213444,"$UICIDEBOY$","https://genius.com/artists/Uicideboy"
696009,"Limp Wri$t","https://genius.com/Uicideboy-limp-wri-t-lyrics",4,213444,"$UICIDEBOY$","https://genius.com/artists/Uicideboy"
2136134,"Lincoln Continental Memorial (Ft. Slug † Christ)","https://genius.com/Uicideboy-lincoln-continental-memorial-lyrics",9,213444,"$UICIDEBOY$","https://genius.com/artists/Uicideboy"
528216,"Lo-Fi (Kill 'Em All)","https://genius.com/Uicideboy-lo-fi-kill-em-all-lyrics",4,213444,"$UICIDEBOY$","https://genius.com/artists/Uicideboy"
3871400,"Long Gone (Save Me from This Hell)","https://genius.com/Uicideboy-long-gone-save-me-from-this-hell-lyrics",3,213444,"$UICIDEBOY$","https://genius.com/artists/Uicideboy"
1078795,"Loot (Ft. Black Smurf & Ramirez)","https://genius.com/Uicideboy-loot-lyrics",6,213444,"$UICIDEBOY$","https://genius.com/artists/Uicideboy"
2373607,"Low Key","https://genius.com/Uicideboy-low-key-lyrics",11,213444,"$UICIDEBOY$","https://genius.com/artists/Uicideboy"
515549,"$low Motion Potion (Ft. Supa SortaHuman)","https://genius.com/Uicideboy-low-motion-potion-lyrics",3,213444,"$UICIDEBOY$","https://genius.com/artists/Uicideboy"
1787158,"LTE","https://genius.com/Uicideboy-lte-lyrics",11,213444,"$UICIDEBOY$","https://genius.com/artists/Uicideboy"
2856100,"Lucky Me","https://genius.com/Uicideboy-lucky-me-lyrics",8,213444,"$UICIDEBOY$","https://genius.com/artists/Uicideboy"
2798211,"Magazine","https://genius.com/Uicideboy-magazine-lyrics",13,213444,"$UICIDEBOY$","https://genius.com/artists/Uicideboy"
1079519,"Magnolia (Ft. KirbLaGoop)","https://genius.com/Uicideboy-magnolia-lyrics",9,213444,"$UICIDEBOY$","https://genius.com/artists/Uicideboy"
515494,"Ma$k & da Glock (Ft. TrippyThaKid)","https://genius.com/Uicideboy-ma-k-and-da-glock-lyrics",7,213444,"$UICIDEBOY$","https://genius.com/artists/Uicideboy"
2136207,"Mannequins Are My Best of Friends","https://genius.com/Uicideboy-mannequins-are-my-best-of-friends-lyrics",5,213444,"$UICIDEBOY$","https://genius.com/artists/Uicideboy"
483162,"Maple $yrup (Ft. BONES)","https://genius.com/Uicideboy-maple-syrup-lyrics",5,213444,"$UICIDEBOY$","https://genius.com/artists/Uicideboy"
2986260,"Maple $yrup (DJ Poliwhirl Remix) (Ft. BONES)","https://genius.com/Uicideboy-maple-syrup-dj-poliwhirl-remix-lyrics",2,213444,"$UICIDEBOY$","https://genius.com/artists/Uicideboy"
2417280,"Marlboros & White Widow (Ft. Germ)","https://genius.com/Uicideboy-marlboros-and-white-widow-lyrics",5,213444,"$UICIDEBOY$","https://genius.com/artists/Uicideboy"
6934415,"Materialism as a Means to an End","https://genius.com/Uicideboy-materialism-as-a-means-to-an-end-lyrics",4,213444,"$UICIDEBOY$","https://genius.com/artists/Uicideboy"
8243463,"Matte Black","https://genius.com/Uicideboy-matte-black-lyrics",25,213444,"$UICIDEBOY$","https://genius.com/artists/Uicideboy"
3871401,"Meet Mr. NICEGUY","https://genius.com/Uicideboy-meet-mr-niceguy-lyrics",7,213444,"$UICIDEBOY$","https://genius.com/artists/Uicideboy"
5254569,"MEGA ZEPH","https://genius.com/Uicideboy-mega-zeph-lyrics",5,213444,"$UICIDEBOY$","https://genius.com/artists/Uicideboy"
2798214,"Memoirs of a Gorilla","https://genius.com/Uicideboy-memoirs-of-a-gorilla-lyrics",11,213444,"$UICIDEBOY$","https://genius.com/artists/Uicideboy"
2862143,"$moke a $ack","https://genius.com/Uicideboy-moke-a-sack-lyrics",4,213444,"$UICIDEBOY$","https://genius.com/artists/Uicideboy"
515534,"$moked Out, Loced Out","https://genius.com/Uicideboy-moked-out-loced-out-lyrics",3,213444,"$UICIDEBOY$","https://genius.com/artists/Uicideboy"
695998,"$moked Out, Loced Out (Part II) (Ft. Eddy Baker)","https://genius.com/Uicideboy-moked-out-loced-out-part-ii-lyrics",4,213444,"$UICIDEBOY$","https://genius.com/artists/Uicideboy"
2136202,"Mount Sinai","https://genius.com/Uicideboy-mount-sinai-lyrics",9,213444,"$UICIDEBOY$","https://genius.com/artists/Uicideboy"
4060253,"My Flaws Burn Through My Skin Like Demonic Flames from Hell","https://genius.com/Uicideboy-my-flaws-burn-through-my-skin-like-demonic-flames-from-hell-lyrics",3,213444,"$UICIDEBOY$","https://genius.com/artists/Uicideboy"
6677274,"My Flaws Burn Through My Skin Like Demonic Flames from Hell (Original)","https://genius.com/Uicideboy-my-flaws-burn-through-my-skin-like-demonic-flames-from-hell-original-lyrics",0,213444,"$UICIDEBOY$","https://genius.com/artists/Uicideboy"
4060259,"My Scars Are Like Evidence Being Mailed to the Judge","https://genius.com/Uicideboy-my-scars-are-like-evidence-being-mailed-to-the-judge-lyrics",5,213444,"$UICIDEBOY$","https://genius.com/artists/Uicideboy"
3092592,"New Chains, Same Shackles","https://genius.com/Uicideboy-new-chains-same-shackles-lyrics",15,213444,"$UICIDEBOY$","https://genius.com/artists/Uicideboy"
6660501,"NEW PROFILE PIC","https://genius.com/Uicideboy-new-profile-pic-lyrics",11,213444,"$UICIDEBOY$","https://genius.com/artists/Uicideboy"
3871393,"Nicotine Patches","https://genius.com/Uicideboy-nicotine-patches-lyrics",11,213444,"$UICIDEBOY$","https://genius.com/artists/Uicideboy"
3101678,"Nightmare Choir (I Been Asleep Too Long)","https://genius.com/Uicideboy-nightmare-choir-i-been-asleep-too-long-lyrics",9,213444,"$UICIDEBOY$","https://genius.com/artists/Uicideboy"
528205,"​nm jc","https://genius.com/Uicideboy-nm-jc-lyrics",1,213444,"$UICIDEBOY$","https://genius.com/artists/Uicideboy"
8238982,"No Matter Which Direction I'm Going In, I Never Chase These Hoes","https://genius.com/Uicideboy-no-matter-which-direction-im-going-in-i-never-chase-these-hoes-lyrics",14,213444,"$UICIDEBOY$","https://genius.com/artists/Uicideboy"
8869569,"Noose That I'm Used To","https://genius.com/Uicideboy-noose-that-im-used-to-lyrics",0,213444,"$UICIDEBOY$","https://genius.com/artists/Uicideboy"
8747317,"North $ide $uicide","https://genius.com/Uicideboy-north-side-suicide-lyrics",0,213444,"$UICIDEBOY$","https://genius.com/artists/Uicideboy"
2576617,"Novus Ordo Seclorum","https://genius.com/Uicideboy-novus-ordo-seclorum-lyrics",4,213444,"$UICIDEBOY$","https://genius.com/artists/Uicideboy"
3218468,"Now I'm Up to My Neck With Offers","https://genius.com/Uicideboy-now-im-up-to-my-neck-with-offers-lyrics",15,213444,"$UICIDEBOY$","https://genius.com/artists/Uicideboy"
648653,"NOxygen","https://genius.com/Uicideboy-noxygen-lyrics",12,213444,"$UICIDEBOY$","https://genius.com/artists/Uicideboy"
4294219,"NUMBING THE PAIN, BECAUSE NERVES ARE OVERRATED (Ft. 6IXUS)","https://genius.com/Uicideboy-numbing-the-pain-because-nerves-are-overrated-lyrics",2,213444,"$UICIDEBOY$","https://genius.com/artists/Uicideboy"
515522,"Ocean $ide $uicide","https://genius.com/Uicideboy-ocean-side-suicide-lyrics",6,213444,"$UICIDEBOY$","https://genius.com/artists/Uicideboy"
3101962,"O’ Lord! I Have My Doubts","https://genius.com/Uicideboy-o-lord-i-have-my-doubts-lyrics",12,213444,"$UICIDEBOY$","https://genius.com/artists/Uicideboy"
5254567,"One Last Look at the Damage","https://genius.com/Uicideboy-one-last-look-at-the-damage-lyrics",9,213444,"$UICIDEBOY$","https://genius.com/artists/Uicideboy"
2313528,"Opal Ring","https://genius.com/Uicideboy-opal-ring-lyrics",10,213444,"$UICIDEBOY$","https://genius.com/artists/Uicideboy"
2852658,"O Pana!","https://genius.com/Uicideboy-o-pana-lyrics",11,213444,"$UICIDEBOY$","https://genius.com/artists/Uicideboy"
2256240,"Oracle","https://genius.com/Uicideboy-oracle-lyrics",4,213444,"$UICIDEBOY$","https://genius.com/artists/Uicideboy"
2136190,"$outh $ide $uicide (Ft. Pouya)","https://genius.com/Uicideboy-outh-side-suicide-lyrics",15,213444,"$UICIDEBOY$","https://genius.com/artists/Uicideboy"
2417266,"Paper Bag Mask","https://genius.com/Uicideboy-paper-bag-mask-lyrics",9,213444,"$UICIDEBOY$","https://genius.com/artists/Uicideboy"
2374033,"Paris","https://genius.com/Uicideboy-paris-lyrics",13,213444,"$UICIDEBOY$","https://genius.com/artists/Uicideboy"
528236,"Pe$o","https://genius.com/Uicideboy-pe-o-lyrics",4,213444,"$UICIDEBOY$","https://genius.com/artists/Uicideboy"
3871396,"Phantom Menace","https://genius.com/Uicideboy-phantom-menace-lyrics",9,213444,"$UICIDEBOY$","https://genius.com/artists/Uicideboy"
3052863,"Pictures (Ft. Maxo Kream)","https://genius.com/Uicideboy-pictures-lyrics",5,213444,"$UICIDEBOY$","https://genius.com/artists/Uicideboy"
3075751,"Planting the Roots Only to Fall Out the Tree","https://genius.com/Uicideboy-planting-the-roots-only-to-fall-out-the-tree-lyrics",10,213444,"$UICIDEBOY$","https://genius.com/artists/Uicideboy"
740176,"Pontiac $unfire","https://genius.com/Uicideboy-pontiac-sunfire-lyrics",7,213444,"$UICIDEBOY$","https://genius.com/artists/Uicideboy"
2417274,"​praisethedevil","https://genius.com/Uicideboy-praisethedevil-lyrics",9,213444,"$UICIDEBOY$","https://genius.com/artists/Uicideboy"
1080638,"Prettyleaf","https://genius.com/Uicideboy-prettyleaf-lyrics",7,213444,"$UICIDEBOY$","https://genius.com/artists/Uicideboy"
528221,"Prince Tulip","https://genius.com/Uicideboy-prince-tulip-lyrics",2,213444,"$UICIDEBOY$","https://genius.com/artists/Uicideboy"
5987985,"Psychedelic $uicide","https://genius.com/Uicideboy-psychedelic-suicide-lyrics",0,213444,"$UICIDEBOY$","https://genius.com/artists/Uicideboy"
3102023,"Pump Fake","https://genius.com/Uicideboy-pump-fake-lyrics",2,213444,"$UICIDEBOY$","https://genius.com/artists/Uicideboy"
598214,"Purple Ranger [$ippin’ Donatello with Captain Ginyu Y2K Remix] (Ft. Wavy Jone$)","https://genius.com/Uicideboy-purple-ranger-ippin-donatello-with-captain-ginyu-y2k-remix-lyrics",3,213444,"$UICIDEBOY$","https://genius.com/artists/Uicideboy"
5254570,"Putrid Pride","https://genius.com/Uicideboy-putrid-pride-lyrics",8,213444,"$UICIDEBOY$","https://genius.com/artists/Uicideboy"
1083768,"Rag Round My Skull","https://genius.com/Uicideboy-rag-round-my-skull-lyrics",6,213444,"$UICIDEBOY$","https://genius.com/artists/Uicideboy"
2313516,"Reign in Blood","https://genius.com/Uicideboy-reign-in-blood-lyrics",5,213444,"$UICIDEBOY$","https://genius.com/artists/Uicideboy"
2467399,"Resin","https://genius.com/Uicideboy-resin-lyrics",3,213444,"$UICIDEBOY$","https://genius.com/artists/Uicideboy"
8238978,"Resistance Is Useless","https://genius.com/Uicideboy-resistance-is-useless-lyrics",15,213444,"$UICIDEBOY$","https://genius.com/artists/Uicideboy"
1083267,"Romulus","https://genius.com/Uicideboy-romulus-lyrics",6,213444,"$UICIDEBOY$","https://genius.com/artists/Uicideboy"
2136212,"Rotten and Paralyzed in a Tropical Paradise","https://genius.com/Uicideboy-rotten-and-paralyzed-in-a-tropical-paradise-lyrics",10,213444,"$UICIDEBOY$","https://genius.com/artists/Uicideboy"
515506,"Rotten $oul$","https://genius.com/Uicideboy-rotten-soul-lyrics",6,213444,"$UICIDEBOY$","https://genius.com/artists/Uicideboy"
2456168,"Royal","https://genius.com/Uicideboy-royal-lyrics",0,213444,"$UICIDEBOY$","https://genius.com/artists/Uicideboy"
2856138,"Say Cheese and Die","https://genius.com/Uicideboy-say-cheese-and-die-lyrics",6,213444,"$UICIDEBOY$","https://genius.com/artists/Uicideboy"
5111652,"Scope Set","https://genius.com/Uicideboy-scope-set-lyrics",3,213444,"$UICIDEBOY$","https://genius.com/artists/Uicideboy"
4086200,"Scrape","https://genius.com/Uicideboy-scrape-lyrics",7,213444,"$UICIDEBOY$","https://genius.com/artists/Uicideboy"
2256237,"Second Coming","https://genius.com/Uicideboy-second-coming-lyrics",3,213444,"$UICIDEBOY$","https://genius.com/artists/Uicideboy"
3232491,"Second Lines Come with Broken Souls","https://genius.com/Uicideboy-second-lines-come-with-broken-souls-lyrics",5,213444,"$UICIDEBOY$","https://genius.com/artists/Uicideboy"
2313520,"Shattered Amethyst","https://genius.com/Uicideboy-shattered-amethyst-lyrics",9,213444,"$UICIDEBOY$","https://genius.com/artists/Uicideboy"
3232473,"Smoked Out, Scoped Out","https://genius.com/Uicideboy-smoked-out-scoped-out-lyrics",6,213444,"$UICIDEBOY$","https://genius.com/artists/Uicideboy"
1781053,"Sold My Soul to Satan Waiting in Line at the Mall","https://genius.com/Uicideboy-sold-my-soul-to-satan-waiting-in-line-at-the-mall-lyrics",9,213444,"$UICIDEBOY$","https://genius.com/artists/Uicideboy"
1083637,"St. Bernard","https://genius.com/Uicideboy-st-bernard-lyrics",4,213444,"$UICIDEBOY$","https://genius.com/artists/Uicideboy"
2798191,"Stop Calling Us Horrorcore","https://genius.com/Uicideboy-stop-calling-us-horrorcore-lyrics",2,213444,"$UICIDEBOY$","https://genius.com/artists/Uicideboy"
1083411,"Straw Chairs","https://genius.com/Uicideboy-straw-chairs-lyrics",2,213444,"$UICIDEBOY$","https://genius.com/artists/Uicideboy"
3102116,"Styrofoam","https://genius.com/Uicideboy-styrofoam-lyrics",2,213444,"$UICIDEBOY$","https://genius.com/artists/Uicideboy"
2136208,"Sunshine","https://genius.com/Uicideboy-sunshine-lyrics",7,213444,"$UICIDEBOY$","https://genius.com/artists/Uicideboy"
3101677,"Temple Spray","https://genius.com/Uicideboy-temple-spray-lyrics",8,213444,"$UICIDEBOY$","https://genius.com/artists/Uicideboy"
670066,"Tempura","https://genius.com/Uicideboy-tempura-lyrics",7,213444,"$UICIDEBOY$","https://genius.com/artists/Uicideboy"
5254571,"That Just Isn't Empirically Possible","https://genius.com/Uicideboy-that-just-isnt-empirically-possible-lyrics",4,213444,"$UICIDEBOY$","https://genius.com/artists/Uicideboy"
1083194,"That's Very Minimalist of You","https://genius.com/Uicideboy-thats-very-minimalist-of-you-lyrics",4,213444,"$UICIDEBOY$","https://genius.com/artists/Uicideboy"
1787155,"That Time We Went to Wal Mart In Memphis To Steal Some Shit Before We Met Up With TA To Shoot His Video (Ft. Ghost (Memphis))","https://genius.com/Uicideboy-that-time-we-went-to-wal-mart-in-memphis-to-steal-some-shit-before-we-met-up-with-ta-to-shoot-his-video-lyrics",6,213444,"$UICIDEBOY$","https://genius.com/artists/Uicideboy"
2256233,"The Crescent Moon and the Rising Sun","https://genius.com/Uicideboy-the-crescent-moon-and-the-rising-sun-lyrics",6,213444,"$UICIDEBOY$","https://genius.com/artists/Uicideboy"
7922414,"THE_EVIL_THAT_MEN_DO","https://genius.com/Uicideboy-the-evil-that-men-do-lyrics",14,213444,"$UICIDEBOY$","https://genius.com/artists/Uicideboy"
8320045,"THE_EVIL_THAT_MEN_DO (Original Version)","https://genius.com/Uicideboy-the-evil-that-men-do-original-version-lyrics",0,213444,"$UICIDEBOY$","https://genius.com/artists/Uicideboy"
2476141,"The Nail to the Cross","https://genius.com/Uicideboy-the-nail-to-the-cross-lyrics",11,213444,"$UICIDEBOY$","https://genius.com/artists/Uicideboy"
6934417,"The Number You Have Dialed is Not in Service","https://genius.com/Uicideboy-the-number-you-have-dialed-is-not-in-service-lyrics",7,213444,"$UICIDEBOY$","https://genius.com/artists/Uicideboy"
2479766,"The Sacred","https://genius.com/Uicideboy-the-sacred-lyrics",4,213444,"$UICIDEBOY$","https://genius.com/artists/Uicideboy"
528225,"Thieves","https://genius.com/Uicideboy-thieves-lyrics",2,213444,"$UICIDEBOY$","https://genius.com/artists/Uicideboy"
7186848,"$tick ‘Em Up","https://genius.com/Uicideboy-tick-em-up-lyrics",0,213444,"$UICIDEBOY$","https://genius.com/artists/Uicideboy"
2369753,"To Have and Have Not","https://genius.com/Uicideboy-to-have-and-have-not-lyrics",12,213444,"$UICIDEBOY$","https://genius.com/artists/Uicideboy"
1080855,"To Kill a Mockingbird (Ft. Nightmare Nasty)","https://genius.com/Uicideboy-to-kill-a-mockingbird-lyrics",2,213444,"$UICIDEBOY$","https://genius.com/artists/Uicideboy"
598217,"Tony Hawk Pro Skater 4","https://genius.com/Uicideboy-tony-hawk-pro-skater-4-lyrics",13,213444,"$UICIDEBOY$","https://genius.com/artists/Uicideboy"
3084510,"$TORAGE","https://genius.com/Uicideboy-torage-lyrics",3,213444,"$UICIDEBOY$","https://genius.com/artists/Uicideboy"
696015,"Torcher","https://genius.com/Uicideboy-torcher-lyrics",3,213444,"$UICIDEBOY$","https://genius.com/artists/Uicideboy"
598191,"Trapathy","https://genius.com/Uicideboy-trapathy-lyrics",0,213444,"$UICIDEBOY$","https://genius.com/artists/Uicideboy"
2313530,"T.R.U. (Totally Rotten Underground)","https://genius.com/Uicideboy-tru-totally-rotten-underground-lyrics",6,213444,"$UICIDEBOY$","https://genius.com/artists/Uicideboy"
2313526,"Tulane","https://genius.com/Uicideboy-tulane-lyrics",5,213444,"$UICIDEBOY$","https://genius.com/artists/Uicideboy"
2856118,"Uglier (Ft. Da$H)","https://genius.com/Uicideboy-uglier-lyrics",7,213444,"$UICIDEBOY$","https://genius.com/artists/Uicideboy"
6934416,"Ugliest","https://genius.com/Uicideboy-ugliest-lyrics",7,213444,"$UICIDEBOY$","https://genius.com/artists/Uicideboy"
2136177,"Ugly","https://genius.com/Uicideboy-ugly-lyrics",9,213444,"$UICIDEBOY$","https://genius.com/artists/Uicideboy"
6996123,"$UICIDEBOY$ Discography","https://genius.com/Uicideboy-uicideboy-discography-annotated",19,213444,"$UICIDEBOY$","https://genius.com/artists/Uicideboy"
8238983,"$uicideboy$ Were Better In 2015","https://genius.com/Uicideboy-uicideboy-were-better-in-2015-lyrics",9,213444,"$UICIDEBOY$","https://genius.com/artists/Uicideboy"
598116,"$uicider","https://genius.com/Uicideboy-uicider-lyrics",3,213444,"$UICIDEBOY$","https://genius.com/artists/Uicideboy"
2846720,"Ultimate $uicide (Ft. Denzel Curry)","https://genius.com/Uicideboy-ultimate-suicide-lyrics",12,213444,"$UICIDEBOY$","https://genius.com/artists/Uicideboy"
2379512,"Underwater Malibu","https://genius.com/Uicideboy-underwater-malibu-lyrics",8,213444,"$UICIDEBOY$","https://genius.com/artists/Uicideboy"
8238984,"Unlucky Me","https://genius.com/Uicideboy-unlucky-me-lyrics",7,213444,"$UICIDEBOY$","https://genius.com/artists/Uicideboy"
7649587,"Unreleased (Ft. Freddie Dredd)","https://genius.com/Uicideboy-unreleased-lyrics",0,213444,"$UICIDEBOY$","https://genius.com/artists/Uicideboy"
8956576,"Untitled snippet 1","https://genius.com/Uicideboy-untitled-snippet-1-lyrics",0,213444,"$UICIDEBOY$","https://genius.com/artists/Uicideboy"
8962148,"Untitled snippet 2","https://genius.com/Uicideboy-untitled-snippet-2-lyrics",0,213444,"$UICIDEBOY$","https://genius.com/artists/Uicideboy"
3099352,"Venom (Ft. Shakewell)","https://genius.com/Uicideboy-venom-lyrics",3,213444,"$UICIDEBOY$","https://genius.com/artists/Uicideboy"
1083351,"Vices (Ft. JGRXXN)","https://genius.com/Uicideboy-vices-lyrics",8,213444,"$UICIDEBOY$","https://genius.com/artists/Uicideboy"
490609,"Vietnam","https://genius.com/Uicideboy-vietnam-lyrics",5,213444,"$UICIDEBOY$","https://genius.com/artists/Uicideboy"
2313511,"Vincent Van Gogh Ain't Got Shit on Me","https://genius.com/Uicideboy-vincent-van-gogh-aint-got-shit-on-me-lyrics",9,213444,"$UICIDEBOY$","https://genius.com/artists/Uicideboy"
648638,"VIVIVI (Ft. Ramirez)","https://genius.com/Uicideboy-vivivi-lyrics",6,213444,"$UICIDEBOY$","https://genius.com/artists/Uicideboy"
3871398,"WAR TIME ALL THE TIME","https://genius.com/Uicideboy-war-time-all-the-time-lyrics",20,213444,"$UICIDEBOY$","https://genius.com/artists/Uicideboy"
2856115,"Water $uicide (Ft. Chris Travis)","https://genius.com/Uicideboy-water-suicide-lyrics",6,213444,"$UICIDEBOY$","https://genius.com/artists/Uicideboy"
6934410,"WE ENVY NOTHING IN THE WORLD.","https://genius.com/Uicideboy-we-envy-nothing-in-the-world-lyrics",4,213444,"$UICIDEBOY$","https://genius.com/artists/Uicideboy"
5254572,"What The Fuck Is Happening","https://genius.com/Uicideboy-what-the-fuck-is-happening-lyrics",7,213444,"$UICIDEBOY$","https://genius.com/artists/Uicideboy"
648588,"Where's Your God?","https://genius.com/Uicideboy-wheres-your-god-lyrics",5,213444,"$UICIDEBOY$","https://genius.com/artists/Uicideboy"
5254568,"[whispers indistinctly]","https://genius.com/Uicideboy-whispers-indistinctly-lyrics",5,213444,"$UICIDEBOY$","https://genius.com/artists/Uicideboy"
2313532,"Whoa, I'm Woeful","https://genius.com/Uicideboy-whoa-im-woeful-lyrics",6,213444,"$UICIDEBOY$","https://genius.com/artists/Uicideboy"
3102114,"Withdrawals/Withdrawals","https://genius.com/Uicideboy-withdrawals-withdrawals-lyrics",6,213444,"$UICIDEBOY$","https://genius.com/artists/Uicideboy"
9056034,"YIN/////YANG/////////","https://genius.com/Uicideboy-yin-yang-lyrics",0,213444,"$UICIDEBOY$","https://genius.com/artists/Uicideboy"
3040936,"You’re Now Tuning in to 66.6 FM with DJ Rapture (The Hottest Hour of the Evening)","https://genius.com/Uicideboy-youre-now-tuning-in-to-666-fm-with-dj-rapture-the-hottest-hour-of-the-evening-lyrics",17,213444,"$UICIDEBOY$","https://genius.com/artists/Uicideboy"
